force,engine-analysis,engine-changes,engine-entities,eval-quality,provider-tools,review-anchors,review-boundaries,review-claims,review-evidence,review-flows,review-queue,review-visualizers,surface-cli,surface-host,surface-mcp,surface-web,view-source,view-topology,visualizer-runtime,workspace-reviews
P-01,1,,,,,,,,,1,,,,,,,1,1,,
P-02,,,,,,,,,1,,,,,,,,1,,,
P-03,,,,,,,,,1,,,1,,,,,,,,
P-04,,,,,,,,,,,,1,,,,,,,1,
P-05,,,,,,1,,1,,,,,,,,,1,1,,
P-06,,,,,,,,1,1,,,,,,,,1,,,
P-07,,,,,1,,,,1,,,1,,,,,,,1,
P-08,,,1,1,,,,,,,,,,,,,,,,
P-09,,1,,,,,,,,,,,,,,,,,,1
P-10,,,,,,,,,,,,,,1,,1,,,,1
P-11,,,,,,,,,,,1,,,,1,,,,,
P-12,,,,,,,,1,,,,,,,1,1,1,1,,
P-13,1,,,1,,,,,,,,,1,1,1,1,,,,
P-14,,,,,,,1,,,,,,,,,,1,1,,
P-15,,,,,1,,1,,,,,,,,,,,,,
P-16,,,,,,,1,1,,,,,,,,,,,,
P-17,1,,,1,1,,,,,,,,,1,,,,,,
S-01,1,,,,,,,,,1,,,,1,,,,,,
